{
  "title": "COMO MEDIR A ROUPA PARA SEU FILHO",
  "date": "2020-01-23T15:58:43.066Z",
  "thumbnail": "/img/uploads/banner-conforto.png",
  "alt": "COMO MEDIR A ROUPA PARA SEU FILHO",
  "body": "## COMO MEDIR A ROUPA PARA SEU FILHO\n\n### **MEDINDO A ROUPA INFANTIL:**\n\nEmbora comprar roupa pela internet seja atualmente algo simples e até corriqueiro, contudo é i**mportante que você tire as medidas do seu filho de forma mais eficiente possível**, considerando antes disso que ao utilizar a fita métrica, você não pode apertar ou deixar folga. \n\nSe você seguir as dicas abaixo, poderá [comprar as roupas para os eu filho](https://www.bluekids.com.br) com toda tranquilidade, eliminando os riscos de devoluções relacionadas as medidas da roupa.\n\n### **COMO MEDIR O TÓRAX:**\n\nPara medir a [camisa](https://www.bluekids.com.br/conjunto-roupa-festa-infantil-bebe-menino-ursinho-marinheiro)  por, passar a fita pelas costas, passando por baixo dos braços, medindo na altura dos mamilos. Sem apertar nem deixar solto. Aí vira de lado pra ver se a fita não escorregou, anote o número final.\n\nÉ importante que você considere quando comparar as suas medidas com a tabela da loja, inicialmente **certificando-se se as medidas de circunferência está dividida por dois** ou se é a medida cheia marcada na fita métrica.\n\nIsso porque é costume na confecção apresentar as medidas de circunferência do corpo divididas por dois. Assim, se a circunferência do tórax do seu filho medir 58 centímetros, geralmente nas tabelas de roupas você encontrará a medida do tórax com 29 centímetros.\n\nAtenção essa prática não é uma regra,porém muitas lojas utilizam esta forma de atribuir as das partes do corpo onde foi medida a circunferência.\n\n### **COMO MEDIR A CINTURA:**\n\nMas afinal, onde é a cintura? A cintura, ao contrário do que muita gente pensa, não é a parte mais fina do seu torso, logo abaixo das costelas. Ela é mais ou menos na altura do seu umbigo. Para medir sua circunferência da cintura, coloque uma fita métrica em volta do seu abdômen nu um pouco acima do osso do quadril, na medida mais fina. A fita deve ficar justa, mas não apertada a ponto de comprimir. \n\n### **COMO MEDIR O QUADRIL** \n\nO quadril é a parte mais larga do bumbum, mas ou menos na metade da altura do bumbum. Meça a parte mais larga do quadril, contorne o quadril com a fita métrica. Muitos confundem o quadril com a cintura baixa, que é onde fica o cós de calças super baixas. O quadril é um pouco mais para baixo (logo abaixo do osso lateral mais saliente do quadril e geralmente fica a 20 cm abaixo da cintura).\n\n### **COMO MEDIR O COMPRIMENTO DA [CAMISA SOCIAL INFANTIL](https://www.bluekids.com.br/camisa-social):**\n\nEssas são as medidas que a maioria das lojas online disponibilizam nas tabelas, mas algumas tem medidas adicionais, como o comprimento da peça, das mangas, etc. Pra ver o comprimento da blusa, meça com a sua fita métrica do ossinho do ombro até o quadril.\n\n*Medida Comprimento*\n\nVale a pena evitar o impulso de sair apertando o botão comprar, mesmo que o preço esteja excelente, antes disso, converse com o vendedor, chame no chat, ligue, envie e-mail e troque informações sobre as medidas do seu filho e o tamanho da roupa que você tanto quer comprar.\n\nA Camisaria Blue Kids tem adotado desde o início do seu funcionamento, um posicionamento de contato e conversa com o cliente, a fim de levantar a real necessidade deles.\n\nNão é rara as ocasiões em que o cliente compra uma numeração e, durante a conversa descobrimos que, na verdade ela precisaria de um número maior, ou com pequenos ajustes. Por isso compare com atenção a tabela de medidas com as medidas do seu filho.",
  "meta_title": "Como Medir a Roupa do Seu Filho | Blue Kids",
  "meta_description": "Embora comprar roupa pela internet seja algo simples, contudo é importante que você tire as medidas do seu filho de forma mais eficiente possível, considerando antes disso que ao utilizar a fita métrica, você não pode apertar ou deixar folga. ",
  "sections": [
    {
      "type": "breadcrumbs",
      "enabled": true
    },
    {
      "type": "page-title"
    },
    {
      "type": "blog-post",
      "enabled": true
    }
  ]
}
