{
  "meta_title": "Roupas e Acessórios para Bebês e Crianças | Blue Kids Camisaria Infantil",
  "meta_description": "Roupas e Acessórios para Bebês e Crianças | Blue Kids Camisaria Infantil",
  "sections": [
    {
      "type": "banner-slider",
      "autoplay": 6000,
      "slides": [
        {
          "start": "2020-08-29T23:33:45.269Z",
          "end": "2020-12-31T23:22:38.627Z",
          "img": "/img/uploads/03-1-compressed.jpg",
          "mobile_img": "/img/uploads/001-compressed.jpg"
        },
        {
          "start": "2020-08-29T23:34:14.470Z",
          "end": "2020-12-31T23:23:27.733Z",
          "img": "/img/uploads/02-2-compressed.jpg",
          "mobile_img": "/img/uploads/002-1-compressed.jpg"
        },
        {
          "start": "2020-08-29T23:34:45.551Z",
          "end": "2020-12-31T23:23:57.910Z",
          "img": "/img/uploads/05-compressed.jpg",
          "mobile_img": ""
        }
      ]
    },
    {
      "type": "collection-shelf",
      "shuffle": true,
      "collection_id": "5e286a5362887026009bf0fb",
      "sort": "sales",
      "headless": true
    },
    {
      "type": "collection-shelf",
      "shuffle": true,
      "collection_id": "5e31f8c962887026009eaee0",
      "sort": "sales",
      "headless": true
    },
    {
      "type": "responsive-banner",
      "img": "/img/uploads/03-1-compressed.jpg",
      "link": "https://bluekids.com.br/conjunto-com-bermuda",
      "alt": "banner coleção roupa infantil tematica fundo do mar",
      "mobile_img": ""
    },
    {
      "type": "collection-shelf",
      "shuffle": true,
      "collection_id": "5e31f85162887026009eaedd",
      "sort": "sales",
      "headless": true
    },
    {
      "type": "responsive-banner",
      "img": "/img/uploads/05-compressed.jpg",
      "link": "https://bluekids.com.br/colecao-baloes-e-aventura",
      "alt": "coleção roupa festa infantil balonismo"
    },
    {
      "type": "collection-shelf",
      "shuffle": true,
      "collection_id": "5e31fb8f62887026009eaee4",
      "sort": "sales",
      "headless": true
    },
    {
      "type": "responsive-banner",
      "img": "/img/uploads/04-compressed.jpg",
      "link": "https://bluekids.com.br/colecao-circo-magico",
      "alt": "coleção roupa infantil festa dinossauros e balões"
    },
    {
      "type": "collection-shelf",
      "shuffle": true,
      "collection_id": "5e31fc1362887026009eaee6",
      "sort": "sales",
      "headless": true
    },
    {
      "type": "responsive-banner",
      "img": "/img/uploads/06-compressed.jpg",
      "link": "https://bluekids.com.br/colecao-ursinhos",
      "alt": "coleção conjunto roupa social infantil ursinhos"
    },
    {
      "type": "collection-shelf",
      "shuffle": true,
      "collection_id": "5e31fd1962887026009eaeea",
      "sort": "sales",
      "headless": true
    },
    {
      "type": "collection-shelf",
      "shuffle": true,
      "collection_id": "5e31f7ec62887026009eaedb",
      "headless": true
    },
    {
      "type": "responsive-banner",
      "img": "/img/uploads/08.png"
    },
    {
      "type": "collection-shelf",
      "shuffle": true,
      "collection_id": "5e705db57e6552461488d8c5",
      "sort": "sales",
      "headless": true
    },
    {
      "type": "collection-shelf",
      "shuffle": true,
      "collection_id": "5e286a5362887026009bf0fb",
      "sort": "sales",
      "headless": true
    }
  ]
}