{
  "title": "Condições de entrega",
  "meta_title": "Política de Entregas - Blue Kids",
  "meta_description": "Política de entregas de encomendas para que sua roupa social infantil chegue o quanto antes, com a maior e melhor eficiência possível. ",
  "body": "### <blockquote>\r\n\n### <p>A forma de entrega é via correio, PAC ou SEDEX.</p>\r\n\n### <p><br></p>\r\n\n### <p>A Blue Kids tem preocupação e interesse que a roupa, camisa social, calça ou bermuda social que você comprou para o seu filho, chegue o quanto antes, com a maior e melhor eficiência possível.</p>\r\n\n### <p>Não fazemos entrega em mãos.<br></p>\r\n\n### <p><br>Não nos responsabiliazamos por endereço incorreto. Se a sua encomenda retornar para nós, um novo frete será cobrado para o seu reeenvio. Portanto, preste bastante atenção na hora de escrever o endereço de envio, para não colocar nenhuma informação errada ou faltar alguma informação.</p>\r\n\n### <p><br>Não nos responsabilizamos por atrasos dos Correios na entrega.</p>\r\n\n### <p><br>Em caso de extravio de seu encomenda, você pode nos solicitar a devolução de seu dinheiro ou para enviarmos outra encomenda igual a extraviada (caso ainda tenhamos em estoque).</p>\r\n\n### <p><br>Após a postagem de sua encomenda, você receberá o código de rastreamento da encomenda no email cadastrado aqui na loja.</p>\r\n\n###",
  "sections": [
    {
      "type": "breadcrumbs",
      "enabled": true
    },
    {
      "type": "page-title"
    },
    {
     "type": "extra-page",
     "enabled": true
    }
  ]
}
