{
  "title": "Dúvidas frequentes",
  "meta_title": "Dúvidas frequentes - Blue Kids",
  "meta_description": "Dúvidas frequentes",
  "body": "### <b>COMO POSSO ACOMPANHAR O MEU PEDIDO?</b> <br><p>Quando seu pedido for realizado, entrará em nosso sistema para aprovação. Havendo alguma divergência, para sua segurança, poderemos entrar em contato e solicitar informações que comprovem a sua identificação. A cada etapa do seu pedido, nosso sistema enviará automaticamente um e-mail para seu acompanhamento. Após o faturamento do pedido, a Blue Kids enviará via e-mail o código de rastreamento para que você possa acompanhar no site do transporte selecionado (Correios ou transportadora) a entrega dos seus produtos.</p>\r\n\n### <br><b>É SEGURO COMPRAR NESTE SITE?</b><br><p>Fique tranquilo, você está em um ambiente 100% seguro e confiável. Aqui na Blue Kids, todas as operações que envolvem dinheiro são criptografadas através da tecnologia SSL (Secure Socket Layer). Para facilitar compras futuras, o cliente pode escolher armazenar os dados de seu cartão, exceto o código de segurança, este será o único dado solicitado em todas as compras, sem ele as transações não podem ser realizadas por cartão de crédito.</p>\r\n\n### <br><p>Para simplificar, as informações enviadas durante o processo de compra online são todas codificadas, desde seus dados pessoais até a forma de pagamento.</p>\r\n\n### <br><p>A segurança do site é certificada pela Let's Encripyt, uma empresa de proteção para o consumidor e segurança online utilizada em todo o mundo. Este certificado garante que durante toda a sua compra, você estará em um ambiente seguro no rodapé da página existe um selo que ao clicar nele você verificará toda informação da criptografia e da <b>Blue Kids.</b></p>\r\n\n### <br><b style=\"font-weight: bold;\">CORRO O RISCO DE MEU APARELHO SER INFECTADO POR ALGUM TIPO DE VIRÚS?</b><br><p style=\"\">Não! O site da Blue Kids conta com serviço de checagem diárias em busca de Malware e Vírus, o serviço é prestado por uma das maiores empresas de segurança, que certifica a segurança do site através do selo <b style=\"font-weight: bold;\">VERIFIED E SECURYT.</b></p>\r\n\n### <br><b style=\"font-weight: bold;\">A ROUPA NÃO SERVIU POSSO TROCAR?</b><br><p style=\"\">A troca é realizada sem custo algum para o cliente. Para realizá-la é preciso ficar atendo a duas informações importantes:</p>\r\n\n### <p style=\"\">Preencher o formulário de contato Inserindo os seus dados e explique os motivos da troca. Em seguida uma atendente irá entrar em contato e enviar o código de Autorização de Postagem.</p>\r\n\n### <p style=\"\"> Assim que receber o código de postagem, vá até uma agência dos Correios e envie a peça de volta com a Nota Fiscal ou Declaração de Conteúdo. É importante validar que nenhuma taxa poderá ser cobrada de você.</p>\r\n\n### <br><p style=\"\">Após recebermos a(s) peça(s) devolvida(s) o processo de devolução (verificação do produto) ocorrerá em até 2 dias úteis. Na sequencia entraremos em contato para gerar o crédito ou estorno no seu cartão de crédito.</p>\r\n\n### <br><b style=\"font-weight: bold;\">COMO CALCULO O FRETE?<br></b><br><p style=\"\">O frete poderá ser calculado no carrinho de compras. Após escolher os seus produtos, entre no carrinho de compras e no campo CEP, digite o CEP de destino. Automaticamente aparecerão as opções de frete disponíveis para a sua localidade, contendo o valor e prazo de entrega.</p>\r\n\n### <br><b style=\"font-weight: bold;\">COMO RECEBEREI MEUS PEDIDOS?</b><br><p style=\"\">Seu pedido será enviado através da transportadora selecionada por você no carrinho de compras. Para sua segurança, sugerimos a verificação do pacote no ato do recebimento. NÃO ACEITE receber pacotes violados.</p>\r\n\n### <p style=\"\"><span style=\"font-weight: bold;\">COMO SABER SE A CAMISARIA BLUE KIDS EXISTE DE VERDADE?</span></p>\r\n\n### <p style=\"\">A Camisaria Blue Kids é uma marca da empresa AR2R COMÉRCIO VAREJISTA EIRELI-ME, inscrita no CNPJ sob o número 28.780.923/0001-22, com sede na cidade de Magé, Rio de Janeiro.</p>\r\n\n### <p style=\"\">Você poderá, se desejar, consultar a situação da empresa diretamente no site da Receita Federal, onde consta todas as informações da empresa e do sócio controlador.</p>\r\n\n### <p style=\"\"><span style=\"font-weight: bold;\">A EMPRESA RESPEITA O CÓDIGO DE DEFESA DO CONSUMIDOR?</span></p>\r\n\n### <p style=\"\">Sim! Nós da Blue Kids, cumprimos integralmente as normas de proteção e de defesa do consumidor, pois entendemos que uma marca se consolida não apenas pela qualidade dos produtos fornecidos, mas principalmente pela excelência de atendimento e respeito ao consumidor e a pessoa humana.</p>\r\n\n### <p style=\"\"><span style=\"font-weight: bold;\">COMO POSSO ENTRAR EM CONTATO COM A BLUE KIDS?</span></p>\r\n\n### <p style=\"\">Possuímos diversos canais de contato, telefone (21) 98639-7734, Watsapp (21) 967483266 ou pelo e-mail vendas@bluekids.com.br.</p>",
  "sections": [
    {
      "type": "breadcrumbs",
      "enabled": true
    },
    {
      "type": "page-title"
    },
    {
     "type": "extra-page",
     "enabled": true
    }
  ]
}
