{
  "title": "Formas de pagamento",
  "meta_title": "Formas de pagamento - Blue Kids",
  "meta_description": "Formas de pagamento | Loja de Roupa Infantil",
  "body": "> Pague com o  PagSeguro que a sua compra está 100% protegida, receba o produto que está esperando ou devolvemos o seu dinheiro.\n>\n> Escolha qualquer um destes meio de pagamento:\n>\n> Visa American Express Mastercard Hipercard Elo MercadoLivre Card Diners\n>\n> Cartão de crédito.\n>\n> Até 24x*\tÉ aprovado imediatamente\n>\n> Boleto bancário\n>\n> À vista com boleto bancário\\*\\*: imprima o boleto e pague na agência mais próxima.\n>\n> 1 pagamento\tAssim que você pagar, será aprovado entre 1 e 2 dias úteis\n>\n> Dinheiro em conta MercadoPago\n>\n> Dinheiro em conta: o seu dinheiro disponível no Mercado Pago será enviado no mesmo instante à conta da contraparte.\n>\n> 1 pagamento\tÉ aprovado imediatamente\n>\n> \\* Em alguns anúncios é possível pagar parcelado sem juros.\n>\n> \\*\\*Nunca pague um boleto enviado por email. Ao finalizar a compra, imprima o seu próprio boleto.\n>\n> Guarde todos os comprovantes de pagamento.",
  "sections": [
    {
      "type": "breadcrumbs",
      "enabled": true
    },
    {
      "type": "page-title"
    },
    {
     "type": "extra-page",
     "enabled": true
    }
  ]
}
