{
  "title": "Trocas e devoluções",
  "meta_title": "Trocas e devoluções | Blue Kids",
  "meta_description": "Trocas e devoluções conheça nossa política de trocas e devoluções",
  "body": "### Sobre Troca e Devoluções:\r\n\n### \r\n\n### Comprei mas não serviu uma roupa infantil, tem troca?\r\n\n### Sim! Se não tiver mais o mesmo modelo comprado, o cliente pode optar por outro modelo com a nova numeração desejada.\r\n\n### \rA solicitação de troca deve ser feita em até 7 (sete) dias após o recebimento da encomenda (de acordo com o código de rastreamento fornecido pelos Correios), desde que os produtos estejam nas mesmas condições em que foram enviados, sem uso, sem danos, sem odores e sem violação de embalagem. A primeira troca o frete é por nossa conta!\r\n\n### \r\rComprei mas não gostei do modelo de roupa infantil, posso trocar por outros produtos?\r\n\n### Sim! A solicitação de troca deve ser feita em até 7 (sete) dias após o recebimento da encomenda (de acordo com o código de rastreamento fornecido pelos Correios), desde que os produtos estejam nas mesmas condições em que foram enviados, sem uso, sem danos, sem odores e sem violação de embalagem. O frete é por conta do cliente!\r\n\n### \r\rComprei mas me arrependi, posso devolver?\r\n\n### Sim! A solicitação de devolução deve ser feita em até 7 (sete) dias após o recebimento da encomenda (de acordo com o código de rastreamento fornecido pelos Correios), desde que os produtos estejam nas mesmas condições em que foram enviados, sem uso, sem danos, sem odores e sem violação de embalagem. Assim que analizarmos a mercadoria retornada, se tudo estiver ok, devolveremos o dinheiro referente a compra. O frete é por nossa conta!\r\n\n### \r\rComprei, mas a roupa infantil veio com defeito, posso trocar ou devolver?\r\n\n### Sim! Em caso de defeito, a troca pode ser realizada em até é 7 (sete) dias após o recebimento da encomenda (de acordo com o código de rastreamento fornecido pelos Correios).\r\n\n### \rCaso não tenha mais o produto em estoque para reposição, o cliente pode escolher outro do mesmo valor, ou solicitar a devolução do dinheiro. O frete é por nossa conta!\r\n\n### \rQual é o procedimento para realizar minha troca/devolução?\r\n\n### Entre em contato via email (vendas@bluekids.com.br), identifique o número do pedido, seu CPF e o motivo da troca/devolução e aguarde entrarmos em contato.",
  "sections": [
    {
      "type": "breadcrumbs",
      "enabled": true
    },
    {
      "type": "page-title"
    },
    {
     "type": "extra-page",
     "enabled": true
    }
  ]
}
