{
  "pkg": "@ecomplus/widget-opinioes-verificadas",
  "active": true,
  "desktopOnly": false,
  "enableCheckout": false,
  "disablePages": true,
  "options": {
    "stamp": "<a href='https://www.opinioes-verificadas.com.br/opinioes-clientes/bluekids.com.br' target='_blank' title='Nossos clientes' alt='Nossos clientes'>Avaliação do Cliente  www.bluekids.com.br</a>",
    "tagJs": "<script charset=\"utf-8\" src=\"//cl.avis-verifies.com/br/cache/6/8/e/68eb6c3e-4092-80d4-b139-d08725106c7e/AWS/PRODUCT_API/tag.min.js\"></script>"
  },
  "headAppend": "src/append/head",
  "bodyAppend": "src/append/body",
  "productCardSlots": "src/append/product-card-slots",
  "productSlots": "src/append/product-slots",
  "productDescriptionAppend": "src/append/product-block",
  "stampsAppend": "src/append/stamps",
  "useJquery": true
}